"Year","mean_chl","mean_phy","mean_ph","mean_Celsius","mean_spcond","mean_do","mean_turb","mean_Salinity"
"2015",2.60139722778956,1.4784091018211,8.0312754418438,24.0421243111124,0.180828296615705,8.74672892471137,4.17890326380809,4.41667685211144
"2017",2.08075492536415,0.931160255016035,7.84049562481182,20.8652500560376,0.14886910424481,9.07896127666829,2.43100567973889,3.88948428700098
"2018",1.93552424580112,0.889424187331485,7.63504946416631,21.2268290859306,0.0969947203862317,8.57872893231171,2.97626043062191,2.3733318166897
"2019",2.41216818372706,0.806794550413501,7.72146351349345,21.8765396622847,0.128390597208646,8.83027698162453,2.23781663292252,3.28586834079275
"2020",3.40093384179495,0.688242991681974,8.458469780827,20.8282051811722,0.410020703987314,9.97861752690815,2.87812889012858,11.7097298247594
"2021",1.50445428975339,0.239781867335009,7.25830197867165,21.7584472476525,0.0640571966022892,7.62970870207902,2.21422221134071,1.54087580195641
"2022",2.88311741958974,0.544010576346518,8.17546677156498,22.3276443243304,0.22120441804534,9.39816261187788,1.94813792833042,5.65359545442556
"2023",1.28162061345884,0.0916355140250408,7.34468472329656,21.5346309797149,0.0629494528516583,7.73947882954624,2.10642188779916,1.51872324427601
